id,date,motion:result,motion:number,motion:document,motion:title,sources:link:url,identifier
58683,2022-11-03,fail,,,ZKUŠEBNÍ,https://www.praha.eu/jnp/cz/o_meste/primator_a_volene_organy/zastupitelstvo/vysledky_hlasovani/index.html?size=&periodId=36525&resolutionNumber=&printNumber=&s=1&meeting=&start=&votingId=58683,58683
58685,2022-11-03,pass,,,složení návrhového a volebního výboru,https://www.praha.eu/jnp/cz/o_meste/primator_a_volene_organy/zastupitelstvo/vysledky_hlasovani/index.html?size=&periodId=36525&resolutionNumber=&printNumber=&s=1&meeting=&start=&votingId=58685,58685
58687,2022-11-03,pass,,,"ad hoc o změně Jednacího řádu Zastupitelstva hlavního města Prahy pro toto ustavující zasedání, tj. vyřazení pravidelných bodů jednání „Návrhů, připomínek a podnětů občanů hlavního města Prahy a „Dotazů, připomínek a podnětů členů Zastupitelstva hlavního města Prahy'",https://www.praha.eu/jnp/cz/o_meste/primator_a_volene_organy/zastupitelstvo/vysledky_hlasovani/index.html?size=&periodId=36525&resolutionNumber=&printNumber=&s=1&meeting=&start=&votingId=58687,58687
58689,2022-11-03,pass,,,zařadit tisk Z – 10812 „K úpravě rozpočtu hl. m. Prahy za účelem financování projektů z Operačního programu Praha - pól růstu ČR v roce 2022” jako bod 1  (primátor HMP),https://www.praha.eu/jnp/cz/o_meste/primator_a_volene_organy/zastupitelstvo/vysledky_hlasovani/index.html?size=&periodId=36525&resolutionNumber=&printNumber=&s=1&meeting=&start=&votingId=58689,58689
58691,2022-11-03,pass,,,zařadit tisk Z – 10880 „K realizaci společné expozice a prezentace na veletrhu MIPIM 2023” jako bod 2   (primátor HMP),https://www.praha.eu/jnp/cz/o_meste/primator_a_volene_organy/zastupitelstvo/vysledky_hlasovani/index.html?size=&periodId=36525&resolutionNumber=&printNumber=&s=1&meeting=&start=&votingId=58691,58691
58693,2022-11-03,pass,,,"zařadit tisk Z – 10896 „Ke zrušení výborů Zastupitelstva hlavního města Prahy a ke zřízení finančního výboru, kontrolního výboru a výboru pro výchovu a vzdělávání, stanovení počtu jejich členů a volbě jejich předsedů, členů a tajemníků“ jako bod 3   (Zajíček)",https://www.praha.eu/jnp/cz/o_meste/primator_a_volene_organy/zastupitelstvo/vysledky_hlasovani/index.html?size=&periodId=36525&resolutionNumber=&printNumber=&s=1&meeting=&start=&votingId=58693,58693
58695,2022-11-03,pass,,,"zařadit tisk Z – 10872 „Ke stanovení funkcí, pro které budou členové Zastupitelstva hl. m. Prahy uvolněni ve finančním výboru, kontrolním výboru a výboru pro výchovu a vzdělávání“ jako bod 4   (Zajíček)",https://www.praha.eu/jnp/cz/o_meste/primator_a_volene_organy/zastupitelstvo/vysledky_hlasovani/index.html?size=&periodId=36525&resolutionNumber=&printNumber=&s=1&meeting=&start=&votingId=58695,58695
58697,2022-11-03,pass,,,zařadit tisk Z – 10845 „K určení zástupců a náhradníků za zástupce hl. m. Prahy na valných hromadách akciových společností v majetkovém portfoliu hl. m. Prahy“ jako bod 5  (Zajíček),https://www.praha.eu/jnp/cz/o_meste/primator_a_volene_organy/zastupitelstvo/vysledky_hlasovani/index.html?size=&periodId=36525&resolutionNumber=&printNumber=&s=1&meeting=&start=&votingId=58697,58697
58699,2022-11-03,pass,,,zařadit tisk Z – 10873 „K pověření člena Zastupitelstva hl. m. Prahy řízením Městské policie hlavního města Prahy“ jako bod 6  (Zajíček),https://www.praha.eu/jnp/cz/o_meste/primator_a_volene_organy/zastupitelstvo/vysledky_hlasovani/index.html?size=&periodId=36525&resolutionNumber=&printNumber=&s=1&meeting=&start=&votingId=58699,58699
58701,2022-11-03,pass,,,zařadit tisk Z – 10874 „K návrhu člena Zastupitelstva hl. m. Prahy určeného ke spolupráci při pořizování územně plánovací dokumentace“ jako bod 7   (Zajíček),https://www.praha.eu/jnp/cz/o_meste/primator_a_volene_organy/zastupitelstvo/vysledky_hlasovani/index.html?size=&periodId=36525&resolutionNumber=&printNumber=&s=1&meeting=&start=&votingId=58701,58701
58703,2022-11-03,pass,,,"zařadit tisk Z – 10875 „K návrhu na stanovení pravidel pro odměňování členů Zastupitelstva hlavního města Prahy a dalších nároků vyplývajících ze zákona č. 131/2000 Sb., o hlavním městě Praze, ve znění pozdějších předpisů“ jako bod 8  (Zajíček)",https://www.praha.eu/jnp/cz/o_meste/primator_a_volene_organy/zastupitelstvo/vysledky_hlasovani/index.html?size=&periodId=36525&resolutionNumber=&printNumber=&s=1&meeting=&start=&votingId=58703,58703
58705,2022-11-03,pass,,,zařadit tisk Z – 10893 „K rozhodnutím Rady hl. m. Prahy v období od 25.9.2022 do 2.11.2022 a v období od 3.11.2022 do 24.11.2022” jako bod 9  (Zajíček),https://www.praha.eu/jnp/cz/o_meste/primator_a_volene_organy/zastupitelstvo/vysledky_hlasovani/index.html?size=&periodId=36525&resolutionNumber=&printNumber=&s=1&meeting=&start=&votingId=58705,58705
58707,2022-11-03,fail,,,zařadit bod „K pověření nestranné nezávislé apolitické osoby v souvislosti s kauzou Dozimetr a prodejem pozemků v Lysolajích“  (Čižinský),https://www.praha.eu/jnp/cz/o_meste/primator_a_volene_organy/zastupitelstvo/vysledky_hlasovani/index.html?size=&periodId=36525&resolutionNumber=&printNumber=&s=1&meeting=&start=&votingId=58707,58707
58709,2022-11-03,pass,,,zařadit tisk Z – 10899 „K pověření člena Zastupitelstva hl.m Prahy v souvislosti s kauzou Dozimetr a prodejem pozemků v Lysolajích” jako bod 10  (Zajíček),https://www.praha.eu/jnp/cz/o_meste/primator_a_volene_organy/zastupitelstvo/vysledky_hlasovani/index.html?size=&periodId=36525&resolutionNumber=&printNumber=&s=1&meeting=&start=&votingId=58709,58709
58711,2022-11-03,pass,,,"zařadit bod „K návrhu na přerušení 1. ustavujícího zasedání Zastupitelstva hlavního města Prahy do 24. 11. 2022, 9.00 hodin“  (Zajíček)",https://www.praha.eu/jnp/cz/o_meste/primator_a_volene_organy/zastupitelstvo/vysledky_hlasovani/index.html?size=&periodId=36525&resolutionNumber=&printNumber=&s=1&meeting=&start=&votingId=58711,58711
58713,2022-11-03,pass,,,zařadit bod „Stanovení počtu náměstků primátora hlavního města Prahy a členů Rady hlavního města Prahy“  (Zajíček),https://www.praha.eu/jnp/cz/o_meste/primator_a_volene_organy/zastupitelstvo/vysledky_hlasovani/index.html?size=&periodId=36525&resolutionNumber=&printNumber=&s=1&meeting=&start=&votingId=58713,58713
58715,2022-11-03,pass,,,"zařadit tisk Z – 10870 „K návrhu na volbu primátora hl. m. Prahy, náměstků primátora hl. m. Prahy a členů Rady hlavního města Prahy“ jako bod 13  (Zajíček)",https://www.praha.eu/jnp/cz/o_meste/primator_a_volene_organy/zastupitelstvo/vysledky_hlasovani/index.html?size=&periodId=36525&resolutionNumber=&printNumber=&s=1&meeting=&start=&votingId=58715,58715
58717,2022-11-03,pass,,,"zařadit tisk Z – 10871 „Ke zřízení dalších výborů Zastupitelstva hlavního města Prahy, stanovení počtu jejich členů a volbě jejich předsedů, místopředsedů, členů a tajemníků“ jako bod 14  (Zajíček)",https://www.praha.eu/jnp/cz/o_meste/primator_a_volene_organy/zastupitelstvo/vysledky_hlasovani/index.html?size=&periodId=36525&resolutionNumber=&printNumber=&s=1&meeting=&start=&votingId=58717,58717
58719,2022-11-03,pass,,,"zařadit tisk Z – 10900 „Ke stanovení dalších funkcí, pro které budou členové Zastupitelstva hl. m. Prahy uvolněni” jako bod 15  (Zajíček)",https://www.praha.eu/jnp/cz/o_meste/primator_a_volene_organy/zastupitelstvo/vysledky_hlasovani/index.html?size=&periodId=36525&resolutionNumber=&printNumber=&s=1&meeting=&start=&votingId=58719,58719
58721,2022-11-03,pass,,,zařadit tisk Z – 10897„K přípravě návrhu rozpočtu hl. m. Prahy pro rok 2023” jako bod 16   (Zajíček),https://www.praha.eu/jnp/cz/o_meste/primator_a_volene_organy/zastupitelstvo/vysledky_hlasovani/index.html?size=&periodId=36525&resolutionNumber=&printNumber=&s=1&meeting=&start=&votingId=58721,58721
58723,2022-11-03,pass,,,o celém upraveném návrhu programu,https://www.praha.eu/jnp/cz/o_meste/primator_a_volene_organy/zastupitelstvo/vysledky_hlasovani/index.html?size=&periodId=36525&resolutionNumber=&printNumber=&s=1&meeting=&start=&votingId=58723,58723
58725,2022-11-03,pass,,,procedurální návrh – pokračovat v jednání i po 19. hodině   (Čižinský),https://www.praha.eu/jnp/cz/o_meste/primator_a_volene_organy/zastupitelstvo/vysledky_hlasovani/index.html?size=&periodId=36525&resolutionNumber=&printNumber=&s=1&meeting=&start=&votingId=58725,58725
58727,2022-11-03,pass,1,Z-10812,k úpravě rozpočtu hl. m. Prahy za účelem financování projektů z Operačního programu Praha - pól růstu ČR v roce 2022,https://www.praha.eu/jnp/cz/o_meste/primator_a_volene_organy/zastupitelstvo/vysledky_hlasovani/index.html?size=&periodId=36525&resolutionNumber=&printNumber=&s=1&meeting=&start=&votingId=58727,58727
58729,2022-11-03,pass,2,Z-10880,k realizaci společné expozice a prezentace na veletrhu MIPIM 2023,https://www.praha.eu/jnp/cz/o_meste/primator_a_volene_organy/zastupitelstvo/vysledky_hlasovani/index.html?size=&periodId=36525&resolutionNumber=&printNumber=&s=1&meeting=&start=&votingId=58729,58729
58731,2022-11-03,pass,3,Z-10896,"ke zrušení výborů Zastupitelstva hlavního města Prahy a ke zřízení finančního výboru, kontrolního výboru a výboru pro výchovu a vzdělávání, stanovení počtu jejich členů a volbě jejich předsedů, členů a tajemníků",https://www.praha.eu/jnp/cz/o_meste/primator_a_volene_organy/zastupitelstvo/vysledky_hlasovani/index.html?size=&periodId=36525&resolutionNumber=&printNumber=&s=1&meeting=&start=&votingId=58731,58731
58733,2022-11-03,pass,4,Z-10872,"ke stanovení funkcí, pro které budou členové Zastupitelstva hlavního města Prahy uvolněni ve finančním výboru, kontrolním výboru a výboru pro výchovu a vzdělávání",https://www.praha.eu/jnp/cz/o_meste/primator_a_volene_organy/zastupitelstvo/vysledky_hlasovani/index.html?size=&periodId=36525&resolutionNumber=&printNumber=&s=1&meeting=&start=&votingId=58733,58733
58735,2022-11-03,fail,5,Z-10845,k určení zástupců a náhradníků za zástupce hlavního města Prahy na valných hromadách akciových společností v majetkovém portfoliu hlavního města Prahy,https://www.praha.eu/jnp/cz/o_meste/primator_a_volene_organy/zastupitelstvo/vysledky_hlasovani/index.html?size=&periodId=36525&resolutionNumber=&printNumber=&s=1&meeting=&start=&votingId=58735,58735
58737,2022-11-03,pass,5,Z-10845,k určení zástupců a náhradníků za zástupce hlavního města Prahy na valných hromadách akciových společností v majetkovém portfoliu hlavního města Prahy,https://www.praha.eu/jnp/cz/o_meste/primator_a_volene_organy/zastupitelstvo/vysledky_hlasovani/index.html?size=&periodId=36525&resolutionNumber=&printNumber=&s=1&meeting=&start=&votingId=58737,58737
58739,2022-11-03,pass,5,Z-10845,k určení zástupců a náhradníků za zástupce hlavního města Prahy na valných hromadách akciových společností v majetkovém portfoliu hlavního města Prahy,https://www.praha.eu/jnp/cz/o_meste/primator_a_volene_organy/zastupitelstvo/vysledky_hlasovani/index.html?size=&periodId=36525&resolutionNumber=&printNumber=&s=1&meeting=&start=&votingId=58739,58739
58741,2022-11-03,pass,6,Z-10873,k pověření člena Zastupitelstva hlavního města Prahy řízením Městské policie hlavního města Prahy,https://www.praha.eu/jnp/cz/o_meste/primator_a_volene_organy/zastupitelstvo/vysledky_hlasovani/index.html?size=&periodId=36525&resolutionNumber=&printNumber=&s=1&meeting=&start=&votingId=58741,58741
58743,2022-11-03,fail,7,Z-10874,k návrhu člena Zastupitelstva hlavního města Prahy určeného ke spolupráci při pořizování územně plánovací dokumentace,https://www.praha.eu/jnp/cz/o_meste/primator_a_volene_organy/zastupitelstvo/vysledky_hlasovani/index.html?size=&periodId=36525&resolutionNumber=&printNumber=&s=1&meeting=&start=&votingId=58743,58743
58745,2022-11-03,pass,7,Z-10874,k návrhu člena Zastupitelstva hlavního města Prahy určeného ke spolupráci při pořizování územně plánovací dokumentace,https://www.praha.eu/jnp/cz/o_meste/primator_a_volene_organy/zastupitelstvo/vysledky_hlasovani/index.html?size=&periodId=36525&resolutionNumber=&printNumber=&s=1&meeting=&start=&votingId=58745,58745
58747,2022-11-03,pass,8,Z-10875,"k návrhu na stanovení pravidel pro odměňování členů Zastupitelstva hlavního města Prahy a dalších nároků vyplývajících ze zákona č. 131/2000 Sb., o hlavním městě Praze, ve znění pozdějších předpisů",https://www.praha.eu/jnp/cz/o_meste/primator_a_volene_organy/zastupitelstvo/vysledky_hlasovani/index.html?size=&periodId=36525&resolutionNumber=&printNumber=&s=1&meeting=&start=&votingId=58747,58747
58749,2022-11-03,fail,9,Z-10893,k rozhodnutím Rady hlavního města Prahy v období od 25.9.2022 do 2.11.2022 a v období od 3.11.2022 do 24.11.2022,https://www.praha.eu/jnp/cz/o_meste/primator_a_volene_organy/zastupitelstvo/vysledky_hlasovani/index.html?size=&periodId=36525&resolutionNumber=&printNumber=&s=1&meeting=&start=&votingId=58749,58749
58751,2022-11-03,pass,9,Z-10893,k rozhodnutím Rady hlavního města Prahy v období od 25.9.2022 do 2.11.2022 a v období od 3.11.2022 do 24.11.2022,https://www.praha.eu/jnp/cz/o_meste/primator_a_volene_organy/zastupitelstvo/vysledky_hlasovani/index.html?size=&periodId=36525&resolutionNumber=&printNumber=&s=1&meeting=&start=&votingId=58751,58751
58753,2022-11-03,pass,9,Z-10893,k rozhodnutím Rady hlavního města Prahy v období od 25.9.2022 do 2.11.2022 a v období od 3.11.2022 do 24.11.2022,https://www.praha.eu/jnp/cz/o_meste/primator_a_volene_organy/zastupitelstvo/vysledky_hlasovani/index.html?size=&periodId=36525&resolutionNumber=&printNumber=&s=1&meeting=&start=&votingId=58753,58753
58755,2022-11-03,pass,9,Z-10893,k rozhodnutím Rady hlavního města Prahy v období od 25.9.2022 do 2.11.2022 a v období od 3.11.2022 do 24.11.2022,https://www.praha.eu/jnp/cz/o_meste/primator_a_volene_organy/zastupitelstvo/vysledky_hlasovani/index.html?size=&periodId=36525&resolutionNumber=&printNumber=&s=1&meeting=&start=&votingId=58755,58755
58757,2022-11-03,pass,9,Z-10893,k rozhodnutím Rady hlavního města Prahy v období od 25.9.2022 do 2.11.2022 a v období od 3.11.2022 do 24.11.2022,https://www.praha.eu/jnp/cz/o_meste/primator_a_volene_organy/zastupitelstvo/vysledky_hlasovani/index.html?size=&periodId=36525&resolutionNumber=&printNumber=&s=1&meeting=&start=&votingId=58757,58757
58759,2022-11-03,pass,,,,https://www.praha.eu/jnp/cz/o_meste/primator_a_volene_organy/zastupitelstvo/vysledky_hlasovani/index.html?size=&periodId=36525&resolutionNumber=&printNumber=&s=1&meeting=&start=&votingId=58759,58759
58761,2022-11-03,fail,10,Z-10899,k pověření člena Zastupitelstva Hlavního města v souvislosti s kauzou Dozimetr a prodejem pozemků v Lysolajích,https://www.praha.eu/jnp/cz/o_meste/primator_a_volene_organy/zastupitelstvo/vysledky_hlasovani/index.html?size=&periodId=36525&resolutionNumber=&printNumber=&s=1&meeting=&start=&votingId=58761,58761
58763,2022-11-03,fail,10,Z-10899,k pověření člena Zastupitelstva Hlavního města v souvislosti s kauzou Dozimetr a prodejem pozemků v Lysolajích,https://www.praha.eu/jnp/cz/o_meste/primator_a_volene_organy/zastupitelstvo/vysledky_hlasovani/index.html?size=&periodId=36525&resolutionNumber=&printNumber=&s=1&meeting=&start=&votingId=58763,58763
58765,2022-11-03,fail,10,Z-10899,k pověření člena Zastupitelstva Hlavního města v souvislosti s kauzou Dozimetr a prodejem pozemků v Lysolajích,https://www.praha.eu/jnp/cz/o_meste/primator_a_volene_organy/zastupitelstvo/vysledky_hlasovani/index.html?size=&periodId=36525&resolutionNumber=&printNumber=&s=1&meeting=&start=&votingId=58765,58765
58767,2022-11-03,fail,10,Z-10899,k pověření člena Zastupitelstva Hlavního města v souvislosti s kauzou Dozimetr a prodejem pozemků v Lysolajích,https://www.praha.eu/jnp/cz/o_meste/primator_a_volene_organy/zastupitelstvo/vysledky_hlasovani/index.html?size=&periodId=36525&resolutionNumber=&printNumber=&s=1&meeting=&start=&votingId=58767,58767
58769,2022-11-03,pass,10,Z-10899,k pověření člena Zastupitelstva Hlavního města v souvislosti s kauzou Dozimetr a prodejem pozemků v Lysolajích,https://www.praha.eu/jnp/cz/o_meste/primator_a_volene_organy/zastupitelstvo/vysledky_hlasovani/index.html?size=&periodId=36525&resolutionNumber=&printNumber=&s=1&meeting=&start=&votingId=58769,58769
58771,2022-11-03,pass,,,,https://www.praha.eu/jnp/cz/o_meste/primator_a_volene_organy/zastupitelstvo/vysledky_hlasovani/index.html?size=&periodId=36525&resolutionNumber=&printNumber=&s=1&meeting=&start=&votingId=58771,58771
58773,2022-11-03,pass,11,Z-10897,k přípravě návrhu rozpočtu hlavního města Prahy pro rok 2023,https://www.praha.eu/jnp/cz/o_meste/primator_a_volene_organy/zastupitelstvo/vysledky_hlasovani/index.html?size=&periodId=36525&resolutionNumber=&printNumber=&s=1&meeting=&start=&votingId=58773,58773
58775,2022-11-03,pass,,,"k návrhu na přerušení 1. ustavujícího zasedání Zastupitelstva hlavního města Prahy do 24. 11. 2022, 9.00 hodin",https://www.praha.eu/jnp/cz/o_meste/primator_a_volene_organy/zastupitelstvo/vysledky_hlasovani/index.html?size=&periodId=36525&resolutionNumber=&printNumber=&s=1&meeting=&start=&votingId=58775,58775
58877,2022-11-24,pass,,,,https://www.praha.eu/jnp/cz/o_meste/primator_a_volene_organy/zastupitelstvo/vysledky_hlasovani/index.html?size=&periodId=36525&resolutionNumber=&printNumber=&s=1&meeting=&start=&votingId=58877,58877
58879,2022-11-24,pass,,,,https://www.praha.eu/jnp/cz/o_meste/primator_a_volene_organy/zastupitelstvo/vysledky_hlasovani/index.html?size=&periodId=36525&resolutionNumber=&printNumber=&s=1&meeting=&start=&votingId=58879,58879
58881,2022-11-24,pass,,,,https://www.praha.eu/jnp/cz/o_meste/primator_a_volene_organy/zastupitelstvo/vysledky_hlasovani/index.html?size=&periodId=36525&resolutionNumber=&printNumber=&s=1&meeting=&start=&votingId=58881,58881
58883,2022-11-24,fail,13,Z-10936,Informace o projednání přípravy rozpočtu vlastního hl. m. Prahy na rok 2023,https://www.praha.eu/jnp/cz/o_meste/primator_a_volene_organy/zastupitelstvo/vysledky_hlasovani/index.html?size=&periodId=36525&resolutionNumber=&printNumber=&s=1&meeting=&start=&votingId=58883,58883
58885,2022-11-24,pass,13,Z-10936,Informace o projednání přípravy rozpočtu vlastního hl. m. Prahy na rok 2023,https://www.praha.eu/jnp/cz/o_meste/primator_a_volene_organy/zastupitelstvo/vysledky_hlasovani/index.html?size=&periodId=36525&resolutionNumber=&printNumber=&s=1&meeting=&start=&votingId=58885,58885
58887,2022-11-24,pass,,,,https://www.praha.eu/jnp/cz/o_meste/primator_a_volene_organy/zastupitelstvo/vysledky_hlasovani/index.html?size=&periodId=36525&resolutionNumber=&printNumber=&s=1&meeting=&start=&votingId=58887,58887
58889,2022-11-24,pass,,,"k informaci o výběrových řízením na obsazení pozic v DP HMP, a.s.",https://www.praha.eu/jnp/cz/o_meste/primator_a_volene_organy/zastupitelstvo/vysledky_hlasovani/index.html?size=&periodId=36525&resolutionNumber=&printNumber=&s=1&meeting=&start=&votingId=58889,58889
58891,2022-11-24,pass,,,k revokaci usnesení tisků v sociální oblasti,https://www.praha.eu/jnp/cz/o_meste/primator_a_volene_organy/zastupitelstvo/vysledky_hlasovani/index.html?size=&periodId=36525&resolutionNumber=&printNumber=&s=1&meeting=&start=&votingId=58891,58891
58893,2022-11-24,pass,14,Z-10863,k úpravě rozpočtu hl.m. Prahy za účelem vypořádání projektů z Operačního programu Praha - pól růstu ČR v roce 2022,https://www.praha.eu/jnp/cz/o_meste/primator_a_volene_organy/zastupitelstvo/vysledky_hlasovani/index.html?size=&periodId=36525&resolutionNumber=&printNumber=&s=1&meeting=&start=&votingId=58893,58893
58895,2022-11-24,pass,15,Z-10922,k návrhu na poskytnutí technicko-materiální pomoci ukrajinským městům formou daru v souvislosti s ruskou invazí na Ukrajinu,https://www.praha.eu/jnp/cz/o_meste/primator_a_volene_organy/zastupitelstvo/vysledky_hlasovani/index.html?size=&periodId=36525&resolutionNumber=&printNumber=&s=1&meeting=&start=&votingId=58895,58895
58897,2022-11-24,pass,,,,https://www.praha.eu/jnp/cz/o_meste/primator_a_volene_organy/zastupitelstvo/vysledky_hlasovani/index.html?size=&periodId=36525&resolutionNumber=&printNumber=&s=1&meeting=&start=&votingId=58897,58897
58899,2022-11-24,pass,,,,https://www.praha.eu/jnp/cz/o_meste/primator_a_volene_organy/zastupitelstvo/vysledky_hlasovani/index.html?size=&periodId=36525&resolutionNumber=&printNumber=&s=1&meeting=&start=&votingId=58899,58899
58901,2022-11-24,pass,16,Z-10933,k návrhu na poskytnutí osobních ochranných prostředků a komplementárního materiálu na humanitární pomoc pro Ukrajinu formou darování,https://www.praha.eu/jnp/cz/o_meste/primator_a_volene_organy/zastupitelstvo/vysledky_hlasovani/index.html?size=&periodId=36525&resolutionNumber=&printNumber=&s=1&meeting=&start=&votingId=58901,58901
58903,2022-11-24,pass,17,Z-10859,"k návrhu na změnu zřizovací listiny příspěvkové organizace Zoologická zahrada hl.m. Prahy, U Trojského zámku 120/3, 171 00 Praha 7, IČO: 00064459",https://www.praha.eu/jnp/cz/o_meste/primator_a_volene_organy/zastupitelstvo/vysledky_hlasovani/index.html?size=&periodId=36525&resolutionNumber=&printNumber=&s=1&meeting=&start=&votingId=58903,58903
58905,2022-11-24,pass,18,Z-10838,ke schválení záměru na realizaci veřejné zakázky „Provozování sběrných dvorů hl. m. Prahy ve vlastnictví nebo nájmu účastníka“,https://www.praha.eu/jnp/cz/o_meste/primator_a_volene_organy/zastupitelstvo/vysledky_hlasovani/index.html?size=&periodId=36525&resolutionNumber=&printNumber=&s=1&meeting=&start=&votingId=58905,58905
58907,2022-11-24,pass,19,Z-10739,"k návrhu obecně závazné vyhlášky, o stanovení obecního systému odpadového hospodářství hlavního města Prahy (vyhláška o odpadech)",https://www.praha.eu/jnp/cz/o_meste/primator_a_volene_organy/zastupitelstvo/vysledky_hlasovani/index.html?size=&periodId=36525&resolutionNumber=&printNumber=&s=1&meeting=&start=&votingId=58907,58907
58909,2022-11-24,pass,20,Z-10849,k žádosti Pardubického kraje o udělení souhlasu s vedením vlaků v závazku veřejné služby na území hlavního města Prahy,https://www.praha.eu/jnp/cz/o_meste/primator_a_volene_organy/zastupitelstvo/vysledky_hlasovani/index.html?size=&periodId=36525&resolutionNumber=&printNumber=&s=1&meeting=&start=&votingId=58909,58909
58911,2022-11-24,pass,21,Z-10927,"k záměru odboru investičního MHMP na realizaci veřejné zakázky ""Stavba č.42481 Propojovací komunikace Lochkov - Slivenec, stavební práce""",https://www.praha.eu/jnp/cz/o_meste/primator_a_volene_organy/zastupitelstvo/vysledky_hlasovani/index.html?size=&periodId=36525&resolutionNumber=&printNumber=&s=1&meeting=&start=&votingId=58911,58911
58913,2022-11-24,pass,22,Z-10916,k návrhu na uzavření Dodatku č. 4 Smlouvy č. 110/2022 o poskytnutí finančních prostředků z rozpočtu Státního fondu dopravní infrastruktury na rok 2022,https://www.praha.eu/jnp/cz/o_meste/primator_a_volene_organy/zastupitelstvo/vysledky_hlasovani/index.html?size=&periodId=36525&resolutionNumber=&printNumber=&s=1&meeting=&start=&votingId=58913,58913
58915,2022-11-24,pass,23,Z-10902,"k revokaci usnesení Zastupitelstva HMP č.39/166 ze dne 8. 9. 2022 poskytnutí dotací hlavního města Prahy na základě Programu Financování center duševního zdraví a multidisciplinárních týmů pro cílové skupiny dětí, lidí s demencí, lidí s problematikou závislosti a lidí s nařízeným ochranným léčením pro rok 2022",https://www.praha.eu/jnp/cz/o_meste/primator_a_volene_organy/zastupitelstvo/vysledky_hlasovani/index.html?size=&periodId=36525&resolutionNumber=&printNumber=&s=1&meeting=&start=&votingId=58915,58915
58917,2022-11-24,pass,24,Z-10728,k návrhu na změnu zřizovací listiny příspěvkové organizace Palata - domov pro zrakově postižené,https://www.praha.eu/jnp/cz/o_meste/primator_a_volene_organy/zastupitelstvo/vysledky_hlasovani/index.html?size=&periodId=36525&resolutionNumber=&printNumber=&s=1&meeting=&start=&votingId=58917,58917
58919,2022-11-24,pass,25,Z-10741,k návrhu na změnu zřizovací listiny příspěvkové organizace Integrované centrum pro osoby se zdravotním postižením Horní Poustevna,https://www.praha.eu/jnp/cz/o_meste/primator_a_volene_organy/zastupitelstvo/vysledky_hlasovani/index.html?size=&periodId=36525&resolutionNumber=&printNumber=&s=1&meeting=&start=&votingId=58919,58919
58921,2022-11-24,pass,26,Z-10884,k návrhu na změnu zřizovací listiny příspěvkové organizace Domov se zvláštním režimem Terezín,https://www.praha.eu/jnp/cz/o_meste/primator_a_volene_organy/zastupitelstvo/vysledky_hlasovani/index.html?size=&periodId=36525&resolutionNumber=&printNumber=&s=1&meeting=&start=&votingId=58921,58921
58923,2022-11-24,pass,27,Z-10844,"k návrhu na uzavření Dodatku č. 1 k Veřejnoprávní smlouvě o poskytnutí účelové dotace č. DOT/61/04/014341/2022 s příjemcem dotace spolkem TJ ABC Braník, z. s.",https://www.praha.eu/jnp/cz/o_meste/primator_a_volene_organy/zastupitelstvo/vysledky_hlasovani/index.html?size=&periodId=36525&resolutionNumber=&printNumber=&s=1&meeting=&start=&votingId=58923,58923
58925,2022-11-24,pass,28,Z-10861,k návrhu na poskytnutí návratné finanční výpomoci příspěvkové organizaci zřizované hlavním městem Prahou - Střední odborná škola Jarov v roce 2022,https://www.praha.eu/jnp/cz/o_meste/primator_a_volene_organy/zastupitelstvo/vysledky_hlasovani/index.html?size=&periodId=36525&resolutionNumber=&printNumber=&s=1&meeting=&start=&votingId=58925,58925
58927,2022-11-24,pass,29,Z-10864,"k návrhu na poskytnutí návratné finanční výpomoci příspěvkové organizaci zřizované hlavním městem Prahou - Gymnázium prof. Jana Patočky, Praha 1, Jindřišská 36",https://www.praha.eu/jnp/cz/o_meste/primator_a_volene_organy/zastupitelstvo/vysledky_hlasovani/index.html?size=&periodId=36525&resolutionNumber=&printNumber=&s=1&meeting=&start=&votingId=58927,58927
58929,2022-11-24,pass,30,Z-10925,"Informace ve věci provádění hloubkových auditů zakázek a majetkových transakcí Dopravního podniku hlavního města Prahy, a. s., dalších městem založených společností a zakázek hlavního města Prahy",https://www.praha.eu/jnp/cz/o_meste/primator_a_volene_organy/zastupitelstvo/vysledky_hlasovani/index.html?size=&periodId=36525&resolutionNumber=&printNumber=&s=1&meeting=&start=&votingId=58929,58929
58931,2022-11-24,pass,30,Z-10925,"Informace ve věci provádění hloubkových auditů zakázek a majetkových transakcí Dopravního podniku hlavního města Prahy, a. s., dalších městem založených společností a zakázek hlavního města Prahy",https://www.praha.eu/jnp/cz/o_meste/primator_a_volene_organy/zastupitelstvo/vysledky_hlasovani/index.html?size=&periodId=36525&resolutionNumber=&printNumber=&s=1&meeting=&start=&votingId=58931,58931
58933,2022-11-24,fail,31,Z-10871,"ke zřízení dalších výborů Zastupitelstva hlavního města Prahy, stanovení počtu jejich členů a volbě jejich předsedů, místopředsedů, členů a tajemníků",https://www.praha.eu/jnp/cz/o_meste/primator_a_volene_organy/zastupitelstvo/vysledky_hlasovani/index.html?size=&periodId=36525&resolutionNumber=&printNumber=&s=1&meeting=&start=&votingId=58933,58933
58935,2022-11-24,pass,31,Z-10871,"ke zřízení dalších výborů Zastupitelstva hlavního města Prahy, stanovení počtu jejich členů a volbě jejich předsedů, místopředsedů, členů a tajemníků",https://www.praha.eu/jnp/cz/o_meste/primator_a_volene_organy/zastupitelstvo/vysledky_hlasovani/index.html?size=&periodId=36525&resolutionNumber=&printNumber=&s=1&meeting=&start=&votingId=58935,58935
58937,2022-11-25,fail,31,Z-10871,"ke zřízení dalších výborů Zastupitelstva hlavního města Prahy, stanovení počtu jejich členů a volbě jejich předsedů, místopředsedů, členů a tajemníků",https://www.praha.eu/jnp/cz/o_meste/primator_a_volene_organy/zastupitelstvo/vysledky_hlasovani/index.html?size=&periodId=36525&resolutionNumber=&printNumber=&s=1&meeting=&start=&votingId=58937,58937
58837,2022-11-25,fail,31,Z-10871,"ke zřízení dalších výborů Zastupitelstva hlavního města Prahy, stanovení počtu jejich členů a volbě jejich předsedů, místopředsedů, členů a tajemníků",https://www.praha.eu/jnp/cz/o_meste/primator_a_volene_organy/zastupitelstvo/vysledky_hlasovani/index.html?size=&periodId=36525&resolutionNumber=&printNumber=&s=1&meeting=&start=&votingId=58837,58837
58939,2022-11-25,pass,31,Z-10871,"ke zřízení dalších výborů Zastupitelstva hlavního města Prahy, stanovení počtu jejich členů a volbě jejich předsedů, místopředsedů, členů a tajemníků",https://www.praha.eu/jnp/cz/o_meste/primator_a_volene_organy/zastupitelstvo/vysledky_hlasovani/index.html?size=&periodId=36525&resolutionNumber=&printNumber=&s=1&meeting=&start=&votingId=58939,58939
58839,2022-11-25,pass,31,Z-10871,"ke zřízení dalších výborů Zastupitelstva hlavního města Prahy, stanovení počtu jejich členů a volbě jejich předsedů, místopředsedů, členů a tajemníků",https://www.praha.eu/jnp/cz/o_meste/primator_a_volene_organy/zastupitelstvo/vysledky_hlasovani/index.html?size=&periodId=36525&resolutionNumber=&printNumber=&s=1&meeting=&start=&votingId=58839,58839
58941,2022-11-25,pass,31,Z-10871,"ke zřízení dalších výborů Zastupitelstva hlavního města Prahy, stanovení počtu jejich členů a volbě jejich předsedů, místopředsedů, členů a tajemníků",https://www.praha.eu/jnp/cz/o_meste/primator_a_volene_organy/zastupitelstvo/vysledky_hlasovani/index.html?size=&periodId=36525&resolutionNumber=&printNumber=&s=1&meeting=&start=&votingId=58941,58941
58841,2022-11-25,pass,31,Z-10871,"ke zřízení dalších výborů Zastupitelstva hlavního města Prahy, stanovení počtu jejich členů a volbě jejich předsedů, místopředsedů, členů a tajemníků",https://www.praha.eu/jnp/cz/o_meste/primator_a_volene_organy/zastupitelstvo/vysledky_hlasovani/index.html?size=&periodId=36525&resolutionNumber=&printNumber=&s=1&meeting=&start=&votingId=58841,58841
58943,2022-11-25,fail,31,Z-10871,"ke zřízení dalších výborů Zastupitelstva hlavního města Prahy, stanovení počtu jejich členů a volbě jejich předsedů, místopředsedů, členů a tajemníků",https://www.praha.eu/jnp/cz/o_meste/primator_a_volene_organy/zastupitelstvo/vysledky_hlasovani/index.html?size=&periodId=36525&resolutionNumber=&printNumber=&s=1&meeting=&start=&votingId=58943,58943
58843,2022-11-25,fail,31,Z-10871,"ke zřízení dalších výborů Zastupitelstva hlavního města Prahy, stanovení počtu jejich členů a volbě jejich předsedů, místopředsedů, členů a tajemníků",https://www.praha.eu/jnp/cz/o_meste/primator_a_volene_organy/zastupitelstvo/vysledky_hlasovani/index.html?size=&periodId=36525&resolutionNumber=&printNumber=&s=1&meeting=&start=&votingId=58843,58843
58945,2022-11-25,pass,31,Z-10871,"ke zřízení dalších výborů Zastupitelstva hlavního města Prahy, stanovení počtu jejich členů a volbě jejich předsedů, místopředsedů, členů a tajemníků",https://www.praha.eu/jnp/cz/o_meste/primator_a_volene_organy/zastupitelstvo/vysledky_hlasovani/index.html?size=&periodId=36525&resolutionNumber=&printNumber=&s=1&meeting=&start=&votingId=58945,58945
58845,2022-11-25,pass,31,Z-10871,"ke zřízení dalších výborů Zastupitelstva hlavního města Prahy, stanovení počtu jejich členů a volbě jejich předsedů, místopředsedů, členů a tajemníků",https://www.praha.eu/jnp/cz/o_meste/primator_a_volene_organy/zastupitelstvo/vysledky_hlasovani/index.html?size=&periodId=36525&resolutionNumber=&printNumber=&s=1&meeting=&start=&votingId=58845,58845
58947,2022-11-25,pass,31,Z-10871,"ke zřízení dalších výborů Zastupitelstva hlavního města Prahy, stanovení počtu jejich členů a volbě jejich předsedů, místopředsedů, členů a tajemníků",https://www.praha.eu/jnp/cz/o_meste/primator_a_volene_organy/zastupitelstvo/vysledky_hlasovani/index.html?size=&periodId=36525&resolutionNumber=&printNumber=&s=1&meeting=&start=&votingId=58947,58947
58847,2022-11-25,pass,31,Z-10871,"ke zřízení dalších výborů Zastupitelstva hlavního města Prahy, stanovení počtu jejich členů a volbě jejich předsedů, místopředsedů, členů a tajemníků",https://www.praha.eu/jnp/cz/o_meste/primator_a_volene_organy/zastupitelstvo/vysledky_hlasovani/index.html?size=&periodId=36525&resolutionNumber=&printNumber=&s=1&meeting=&start=&votingId=58847,58847
58949,2022-11-25,fail,31,Z-10871,"ke zřízení dalších výborů Zastupitelstva hlavního města Prahy, stanovení počtu jejich členů a volbě jejich předsedů, místopředsedů, členů a tajemníků",https://www.praha.eu/jnp/cz/o_meste/primator_a_volene_organy/zastupitelstvo/vysledky_hlasovani/index.html?size=&periodId=36525&resolutionNumber=&printNumber=&s=1&meeting=&start=&votingId=58949,58949
58849,2022-11-25,fail,31,Z-10871,"ke zřízení dalších výborů Zastupitelstva hlavního města Prahy, stanovení počtu jejich členů a volbě jejich předsedů, místopředsedů, členů a tajemníků",https://www.praha.eu/jnp/cz/o_meste/primator_a_volene_organy/zastupitelstvo/vysledky_hlasovani/index.html?size=&periodId=36525&resolutionNumber=&printNumber=&s=1&meeting=&start=&votingId=58849,58849
58951,2022-11-25,fail,31,Z-10871,"ke zřízení dalších výborů Zastupitelstva hlavního města Prahy, stanovení počtu jejich členů a volbě jejich předsedů, místopředsedů, členů a tajemníků",https://www.praha.eu/jnp/cz/o_meste/primator_a_volene_organy/zastupitelstvo/vysledky_hlasovani/index.html?size=&periodId=36525&resolutionNumber=&printNumber=&s=1&meeting=&start=&votingId=58951,58951
58851,2022-11-25,fail,31,Z-10871,"ke zřízení dalších výborů Zastupitelstva hlavního města Prahy, stanovení počtu jejich členů a volbě jejich předsedů, místopředsedů, členů a tajemníků",https://www.praha.eu/jnp/cz/o_meste/primator_a_volene_organy/zastupitelstvo/vysledky_hlasovani/index.html?size=&periodId=36525&resolutionNumber=&printNumber=&s=1&meeting=&start=&votingId=58851,58851
58953,2022-11-25,pass,31,Z-10871,"ke zřízení dalších výborů Zastupitelstva hlavního města Prahy, stanovení počtu jejich členů a volbě jejich předsedů, místopředsedů, členů a tajemníků",https://www.praha.eu/jnp/cz/o_meste/primator_a_volene_organy/zastupitelstvo/vysledky_hlasovani/index.html?size=&periodId=36525&resolutionNumber=&printNumber=&s=1&meeting=&start=&votingId=58953,58953
58853,2022-11-25,pass,31,Z-10871,"ke zřízení dalších výborů Zastupitelstva hlavního města Prahy, stanovení počtu jejich členů a volbě jejich předsedů, místopředsedů, členů a tajemníků",https://www.praha.eu/jnp/cz/o_meste/primator_a_volene_organy/zastupitelstvo/vysledky_hlasovani/index.html?size=&periodId=36525&resolutionNumber=&printNumber=&s=1&meeting=&start=&votingId=58853,58853
58955,2022-11-25,fail,31,Z-10871,"ke zřízení dalších výborů Zastupitelstva hlavního města Prahy, stanovení počtu jejich členů a volbě jejich předsedů, místopředsedů, členů a tajemníků",https://www.praha.eu/jnp/cz/o_meste/primator_a_volene_organy/zastupitelstvo/vysledky_hlasovani/index.html?size=&periodId=36525&resolutionNumber=&printNumber=&s=1&meeting=&start=&votingId=58955,58955
58855,2022-11-25,fail,31,Z-10871,"ke zřízení dalších výborů Zastupitelstva hlavního města Prahy, stanovení počtu jejich členů a volbě jejich předsedů, místopředsedů, členů a tajemníků",https://www.praha.eu/jnp/cz/o_meste/primator_a_volene_organy/zastupitelstvo/vysledky_hlasovani/index.html?size=&periodId=36525&resolutionNumber=&printNumber=&s=1&meeting=&start=&votingId=58855,58855
58957,2022-11-25,pass,31,Z-10871,"ke zřízení dalších výborů Zastupitelstva hlavního města Prahy, stanovení počtu jejich členů a volbě jejich předsedů, místopředsedů, členů a tajemníků",https://www.praha.eu/jnp/cz/o_meste/primator_a_volene_organy/zastupitelstvo/vysledky_hlasovani/index.html?size=&periodId=36525&resolutionNumber=&printNumber=&s=1&meeting=&start=&votingId=58957,58957
58857,2022-11-25,pass,31,Z-10871,"ke zřízení dalších výborů Zastupitelstva hlavního města Prahy, stanovení počtu jejich členů a volbě jejich předsedů, místopředsedů, členů a tajemníků",https://www.praha.eu/jnp/cz/o_meste/primator_a_volene_organy/zastupitelstvo/vysledky_hlasovani/index.html?size=&periodId=36525&resolutionNumber=&printNumber=&s=1&meeting=&start=&votingId=58857,58857
58959,2022-11-25,fail,31,Z-10871,"ke zřízení dalších výborů Zastupitelstva hlavního města Prahy, stanovení počtu jejich členů a volbě jejich předsedů, místopředsedů, členů a tajemníků",https://www.praha.eu/jnp/cz/o_meste/primator_a_volene_organy/zastupitelstvo/vysledky_hlasovani/index.html?size=&periodId=36525&resolutionNumber=&printNumber=&s=1&meeting=&start=&votingId=58959,58959
58859,2022-11-25,fail,31,Z-10871,"ke zřízení dalších výborů Zastupitelstva hlavního města Prahy, stanovení počtu jejich členů a volbě jejich předsedů, místopředsedů, členů a tajemníků",https://www.praha.eu/jnp/cz/o_meste/primator_a_volene_organy/zastupitelstvo/vysledky_hlasovani/index.html?size=&periodId=36525&resolutionNumber=&printNumber=&s=1&meeting=&start=&votingId=58859,58859
58961,2022-11-25,pass,31,Z-10871,"ke zřízení dalších výborů Zastupitelstva hlavního města Prahy, stanovení počtu jejich členů a volbě jejich předsedů, místopředsedů, členů a tajemníků",https://www.praha.eu/jnp/cz/o_meste/primator_a_volene_organy/zastupitelstvo/vysledky_hlasovani/index.html?size=&periodId=36525&resolutionNumber=&printNumber=&s=1&meeting=&start=&votingId=58961,58961
58861,2022-11-25,pass,31,Z-10871,"ke zřízení dalších výborů Zastupitelstva hlavního města Prahy, stanovení počtu jejich členů a volbě jejich předsedů, místopředsedů, členů a tajemníků",https://www.praha.eu/jnp/cz/o_meste/primator_a_volene_organy/zastupitelstvo/vysledky_hlasovani/index.html?size=&periodId=36525&resolutionNumber=&printNumber=&s=1&meeting=&start=&votingId=58861,58861
58963,2022-11-25,fail,31,Z-10871,"ke zřízení dalších výborů Zastupitelstva hlavního města Prahy, stanovení počtu jejich členů a volbě jejich předsedů, místopředsedů, členů a tajemníků",https://www.praha.eu/jnp/cz/o_meste/primator_a_volene_organy/zastupitelstvo/vysledky_hlasovani/index.html?size=&periodId=36525&resolutionNumber=&printNumber=&s=1&meeting=&start=&votingId=58963,58963
58863,2022-11-25,fail,31,Z-10871,"ke zřízení dalších výborů Zastupitelstva hlavního města Prahy, stanovení počtu jejich členů a volbě jejich předsedů, místopředsedů, členů a tajemníků",https://www.praha.eu/jnp/cz/o_meste/primator_a_volene_organy/zastupitelstvo/vysledky_hlasovani/index.html?size=&periodId=36525&resolutionNumber=&printNumber=&s=1&meeting=&start=&votingId=58863,58863
58965,2022-11-25,pass,31,Z-10871,"ke zřízení dalších výborů Zastupitelstva hlavního města Prahy, stanovení počtu jejich členů a volbě jejich předsedů, místopředsedů, členů a tajemníků",https://www.praha.eu/jnp/cz/o_meste/primator_a_volene_organy/zastupitelstvo/vysledky_hlasovani/index.html?size=&periodId=36525&resolutionNumber=&printNumber=&s=1&meeting=&start=&votingId=58965,58965
58865,2022-11-25,pass,31,Z-10871,"ke zřízení dalších výborů Zastupitelstva hlavního města Prahy, stanovení počtu jejich členů a volbě jejich předsedů, místopředsedů, členů a tajemníků",https://www.praha.eu/jnp/cz/o_meste/primator_a_volene_organy/zastupitelstvo/vysledky_hlasovani/index.html?size=&periodId=36525&resolutionNumber=&printNumber=&s=1&meeting=&start=&votingId=58865,58865
58967,2022-11-25,fail,31,Z-10871,"ke zřízení dalších výborů Zastupitelstva hlavního města Prahy, stanovení počtu jejich členů a volbě jejich předsedů, místopředsedů, členů a tajemníků",https://www.praha.eu/jnp/cz/o_meste/primator_a_volene_organy/zastupitelstvo/vysledky_hlasovani/index.html?size=&periodId=36525&resolutionNumber=&printNumber=&s=1&meeting=&start=&votingId=58967,58967
58867,2022-11-25,fail,31,Z-10871,"ke zřízení dalších výborů Zastupitelstva hlavního města Prahy, stanovení počtu jejich členů a volbě jejich předsedů, místopředsedů, členů a tajemníků",https://www.praha.eu/jnp/cz/o_meste/primator_a_volene_organy/zastupitelstvo/vysledky_hlasovani/index.html?size=&periodId=36525&resolutionNumber=&printNumber=&s=1&meeting=&start=&votingId=58867,58867
58969,2022-11-25,pass,31,Z-10871,"ke zřízení dalších výborů Zastupitelstva hlavního města Prahy, stanovení počtu jejich členů a volbě jejich předsedů, místopředsedů, členů a tajemníků",https://www.praha.eu/jnp/cz/o_meste/primator_a_volene_organy/zastupitelstvo/vysledky_hlasovani/index.html?size=&periodId=36525&resolutionNumber=&printNumber=&s=1&meeting=&start=&votingId=58969,58969
58869,2022-11-25,pass,31,Z-10871,"ke zřízení dalších výborů Zastupitelstva hlavního města Prahy, stanovení počtu jejich členů a volbě jejich předsedů, místopředsedů, členů a tajemníků",https://www.praha.eu/jnp/cz/o_meste/primator_a_volene_organy/zastupitelstvo/vysledky_hlasovani/index.html?size=&periodId=36525&resolutionNumber=&printNumber=&s=1&meeting=&start=&votingId=58869,58869
58971,2022-11-25,pass,31,Z-10871,"ke zřízení dalších výborů Zastupitelstva hlavního města Prahy, stanovení počtu jejich členů a volbě jejich předsedů, místopředsedů, členů a tajemníků",https://www.praha.eu/jnp/cz/o_meste/primator_a_volene_organy/zastupitelstvo/vysledky_hlasovani/index.html?size=&periodId=36525&resolutionNumber=&printNumber=&s=1&meeting=&start=&votingId=58971,58971
58871,2022-11-25,pass,31,Z-10871,"ke zřízení dalších výborů Zastupitelstva hlavního města Prahy, stanovení počtu jejich členů a volbě jejich předsedů, místopředsedů, členů a tajemníků",https://www.praha.eu/jnp/cz/o_meste/primator_a_volene_organy/zastupitelstvo/vysledky_hlasovani/index.html?size=&periodId=36525&resolutionNumber=&printNumber=&s=1&meeting=&start=&votingId=58871,58871
58973,2022-11-25,pass,,,k revokaci usnesení Zastupitelstva HMP č.1/9 ze dne 3.11.2022 k rozhodnutím Rady hl. m. Prahy v období od 25.9.2022 do 2.11.2022 a v období od 3.11.2022 do 24.11.2022,https://www.praha.eu/jnp/cz/o_meste/primator_a_volene_organy/zastupitelstvo/vysledky_hlasovani/index.html?size=&periodId=36525&resolutionNumber=&printNumber=&s=1&meeting=&start=&votingId=58973,58973
58873,2022-11-25,pass,,,k revokaci usnesení Zastupitelstva HMP č.1/9 ze dne 3.11.2022 k rozhodnutím Rady hl. m. Prahy v období od 25.9.2022 do 2.11.2022 a v období od 3.11.2022 do 24.11.2022,https://www.praha.eu/jnp/cz/o_meste/primator_a_volene_organy/zastupitelstvo/vysledky_hlasovani/index.html?size=&periodId=36525&resolutionNumber=&printNumber=&s=1&meeting=&start=&votingId=58873,58873
58975,2022-11-25,pass,33,Z-10938,"k návrhu na přerušení tohoto pokračování 1. ustavujícího zasedání Zastupitelstva hlavního města Prahy do 15. 12. 2022, 9.00 hod.",https://www.praha.eu/jnp/cz/o_meste/primator_a_volene_organy/zastupitelstvo/vysledky_hlasovani/index.html?size=&periodId=36525&resolutionNumber=&printNumber=&s=1&meeting=&start=&votingId=58975,58975
58875,2022-11-25,pass,33,Z-10938,"k návrhu na přerušení tohoto pokračování 1. ustavujícího zasedání Zastupitelstva hlavního města Prahy do 15. 12. 2022, 9.00 hod.",https://www.praha.eu/jnp/cz/o_meste/primator_a_volene_organy/zastupitelstvo/vysledky_hlasovani/index.html?size=&periodId=36525&resolutionNumber=&printNumber=&s=1&meeting=&start=&votingId=58875,58875
58977,2022-12-15,pass,,,,https://www.praha.eu/jnp/cz/o_meste/primator_a_volene_organy/zastupitelstvo/vysledky_hlasovani/index.html?size=&periodId=36525&resolutionNumber=&printNumber=&s=1&meeting=&start=&votingId=58977,58977
58979,2022-12-15,pass,,,,https://www.praha.eu/jnp/cz/o_meste/primator_a_volene_organy/zastupitelstvo/vysledky_hlasovani/index.html?size=&periodId=36525&resolutionNumber=&printNumber=&s=1&meeting=&start=&votingId=58979,58979
58981,2022-12-15,pass,,,"k návrhu na volbu primátora hl. m. Prahy, náměstků primátora hl. m. Prahy a členů Rady hlavního města Prahy",https://www.praha.eu/jnp/cz/o_meste/primator_a_volene_organy/zastupitelstvo/vysledky_hlasovani/index.html?size=&periodId=36525&resolutionNumber=&printNumber=&s=1&meeting=&start=&votingId=58981,58981
58983,2022-12-15,fail,,,,https://www.praha.eu/jnp/cz/o_meste/primator_a_volene_organy/zastupitelstvo/vysledky_hlasovani/index.html?size=&periodId=36525&resolutionNumber=&printNumber=&s=1&meeting=&start=&votingId=58983,58983
58985,2022-12-15,pass,,,"k návrhu na volbu primátora hl. m. Prahy, náměstků primátora hl. m. Prahy a členů Rady hlavního města Prahy",https://www.praha.eu/jnp/cz/o_meste/primator_a_volene_organy/zastupitelstvo/vysledky_hlasovani/index.html?size=&periodId=36525&resolutionNumber=&printNumber=&s=1&meeting=&start=&votingId=58985,58985
58987,2022-12-15,pass,,,,https://www.praha.eu/jnp/cz/o_meste/primator_a_volene_organy/zastupitelstvo/vysledky_hlasovani/index.html?size=&periodId=36525&resolutionNumber=&printNumber=&s=1&meeting=&start=&votingId=58987,58987
58989,2022-12-15,fail,,,,https://www.praha.eu/jnp/cz/o_meste/primator_a_volene_organy/zastupitelstvo/vysledky_hlasovani/index.html?size=&periodId=36525&resolutionNumber=&printNumber=&s=1&meeting=&start=&votingId=58989,58989
58991,2022-12-15,pass,,,"k návrhu na volbu primátora hl. m. Prahy, náměstků primátora hl. m. Prahy a členů Rady hlavního města Prahy",https://www.praha.eu/jnp/cz/o_meste/primator_a_volene_organy/zastupitelstvo/vysledky_hlasovani/index.html?size=&periodId=36525&resolutionNumber=&printNumber=&s=1&meeting=&start=&votingId=58991,58991
58993,2022-12-15,pass,,,"k návrhu na volbu primátora hl. m. Prahy, náměstků primátora hl. m. Prahy a členů Rady hlavního města Prahy",https://www.praha.eu/jnp/cz/o_meste/primator_a_volene_organy/zastupitelstvo/vysledky_hlasovani/index.html?size=&periodId=36525&resolutionNumber=&printNumber=&s=1&meeting=&start=&votingId=58993,58993
58995,2022-12-15,pass,,,,https://www.praha.eu/jnp/cz/o_meste/primator_a_volene_organy/zastupitelstvo/vysledky_hlasovani/index.html?size=&periodId=36525&resolutionNumber=&printNumber=&s=1&meeting=&start=&votingId=58995,58995
58997,2022-12-15,pass,34,Z-10926,"k návrhu rozpočtu vlastního hl.m. Prahy na rok 2023, finančních vztahů k městským částem hl.m. Prahy z rozpočtu vl. hl.m. Prahy na rok 2023, rozdělení příspěvku na výkon státní správy ze státního rozpočtu městským částem hl.m. Prahy na rok 2023 a střednědobého výhledu rozpočtu vlastního hl.m. Prahy do roku 2028",https://www.praha.eu/jnp/cz/o_meste/primator_a_volene_organy/zastupitelstvo/vysledky_hlasovani/index.html?size=&periodId=36525&resolutionNumber=&printNumber=&s=1&meeting=&start=&votingId=58997,58997
58999,2022-12-15,fail,34,Z-10926,"k návrhu rozpočtu vlastního hl.m. Prahy na rok 2023, finančních vztahů k městským částem hl.m. Prahy z rozpočtu vl. hl.m. Prahy na rok 2023, rozdělení příspěvku na výkon státní správy ze státního rozpočtu městským částem hl.m. Prahy na rok 2023 a střednědobého výhledu rozpočtu vlastního hl.m. Prahy do roku 2028",https://www.praha.eu/jnp/cz/o_meste/primator_a_volene_organy/zastupitelstvo/vysledky_hlasovani/index.html?size=&periodId=36525&resolutionNumber=&printNumber=&s=1&meeting=&start=&votingId=58999,58999
59001,2022-12-15,pass,34,Z-10926,"k návrhu rozpočtu vlastního hl.m. Prahy na rok 2023, finančních vztahů k městským částem hl.m. Prahy z rozpočtu vl. hl.m. Prahy na rok 2023, rozdělení příspěvku na výkon státní správy ze státního rozpočtu městským částem hl.m. Prahy na rok 2023 a střednědobého výhledu rozpočtu vlastního hl.m. Prahy do roku 2028",https://www.praha.eu/jnp/cz/o_meste/primator_a_volene_organy/zastupitelstvo/vysledky_hlasovani/index.html?size=&periodId=36525&resolutionNumber=&printNumber=&s=1&meeting=&start=&votingId=59001,59001
59003,2022-12-15,pass,,,"k návrhu na volbu primátora hl. m. Prahy, náměstků primátora hl. m. Prahy a členů Rady hlavního města Prahy",https://www.praha.eu/jnp/cz/o_meste/primator_a_volene_organy/zastupitelstvo/vysledky_hlasovani/index.html?size=&periodId=36525&resolutionNumber=&printNumber=&s=1&meeting=&start=&votingId=59003,59003
59005,2022-12-15,pass,,,Informace radní JUDr. Hany Kordové Marvanové ke kauze „Dozimetr“,https://www.praha.eu/jnp/cz/o_meste/primator_a_volene_organy/zastupitelstvo/vysledky_hlasovani/index.html?size=&periodId=36525&resolutionNumber=&printNumber=&s=1&meeting=&start=&votingId=59005,59005
59007,2022-12-15,pass,35,Z-10988,k návrhu personálních změn ve výborech ZHMP,https://www.praha.eu/jnp/cz/o_meste/primator_a_volene_organy/zastupitelstvo/vysledky_hlasovani/index.html?size=&periodId=36525&resolutionNumber=&printNumber=&s=1&meeting=&start=&votingId=59007,59007
59009,2022-12-15,fail,,,Informace k plnění usnesení Zastupitelstva hl.m. Prahy,https://www.praha.eu/jnp/cz/o_meste/primator_a_volene_organy/zastupitelstvo/vysledky_hlasovani/index.html?size=&periodId=36525&resolutionNumber=&printNumber=&s=1&meeting=&start=&votingId=59009,59009
59011,2022-12-15,fail,,,Informace k plnění usnesení Zastupitelstva hl.m. Prahy,https://www.praha.eu/jnp/cz/o_meste/primator_a_volene_organy/zastupitelstvo/vysledky_hlasovani/index.html?size=&periodId=36525&resolutionNumber=&printNumber=&s=1&meeting=&start=&votingId=59011,59011
59013,2022-12-15,pass,,,Informace k plnění usnesení Zastupitelstva hl.m. Prahy,https://www.praha.eu/jnp/cz/o_meste/primator_a_volene_organy/zastupitelstvo/vysledky_hlasovani/index.html?size=&periodId=36525&resolutionNumber=&printNumber=&s=1&meeting=&start=&votingId=59013,59013
59015,2022-12-15,pass,37,Z-10981,k revokaci usnesení Zastupitelstva HMP č.1/16 ze dne 24.11.2022 k návrhu na poskytnutí osobních ochranných prostředků a komplementárního materiálu na humanitární pomoc pro Ukrajinu formou darování,https://www.praha.eu/jnp/cz/o_meste/primator_a_volene_organy/zastupitelstvo/vysledky_hlasovani/index.html?size=&periodId=36525&resolutionNumber=&printNumber=&s=1&meeting=&start=&votingId=59015,59015
59017,2022-12-15,pass,38,Z-10865,k úpravě rozpočtu hl. m. Prahy za účelem financování projektů z Operačního programu Praha - pól růstu ČR v roce 2022,https://www.praha.eu/jnp/cz/o_meste/primator_a_volene_organy/zastupitelstvo/vysledky_hlasovani/index.html?size=&periodId=36525&resolutionNumber=&printNumber=&s=1&meeting=&start=&votingId=59017,59017
59019,2022-12-15,pass,39,Z-10841,k návrhu Dodatku č.1 ke smlouvě DOT/21/08/007052/2021 na poskytnutí účelové individuální investiční dotace na vybudování přípojek inženýrských sítí pro projekt Modernizace letecké záchranné služby Ruzyně na parc. č. 2736/6 v k.ú. Ruzyně,https://www.praha.eu/jnp/cz/o_meste/primator_a_volene_organy/zastupitelstvo/vysledky_hlasovani/index.html?size=&periodId=36525&resolutionNumber=&printNumber=&s=1&meeting=&start=&votingId=59019,59019
59021,2022-12-15,pass,,,"ke návrhu na schválení dodavatele centralizované veřejné zakázky s názvem ""Dodávky elektrické energie pro orgány a organizace hl. m. Prahy na období od 1.1.2023 do 31.12.2023""",https://www.praha.eu/jnp/cz/o_meste/primator_a_volene_organy/zastupitelstvo/vysledky_hlasovani/index.html?size=&periodId=36525&resolutionNumber=&printNumber=&s=1&meeting=&start=&votingId=59021,59021
59023,2022-12-15,pass,40,Z-10923,k návrhu plánu dílčích povodí na území hl.m. Prahy,https://www.praha.eu/jnp/cz/o_meste/primator_a_volene_organy/zastupitelstvo/vysledky_hlasovani/index.html?size=&periodId=36525&resolutionNumber=&printNumber=&s=1&meeting=&start=&votingId=59023,59023
59025,2022-12-15,pass,41,Z-10814,"k obnově parku železničních kolejových vozidel zajišťujících provoz v závazku veřejné služby na území hlavního města Prahy a k uzavření dodatku s dopravcem České dráhy, a.s.",https://www.praha.eu/jnp/cz/o_meste/primator_a_volene_organy/zastupitelstvo/vysledky_hlasovani/index.html?size=&periodId=36525&resolutionNumber=&printNumber=&s=1&meeting=&start=&votingId=59025,59025
59027,2022-12-15,pass,42,Z-10946,"k návrhu na schválení ""Smlouvy o spolupráci a koordinaci staveb při výstavbě Prostupu pro pěší staveništěm žst. Praha-Bubny, v rámci modernizace trati Praha - Kladno""",https://www.praha.eu/jnp/cz/o_meste/primator_a_volene_organy/zastupitelstvo/vysledky_hlasovani/index.html?size=&periodId=36525&resolutionNumber=&printNumber=&s=1&meeting=&start=&votingId=59027,59027
59029,2022-12-15,pass,43,Z-10978,"k návrhu na poskytnutí účelových dotací městským částem hl. m. Prahy v roce 2022 na mimořádné výdaje v rámci poskytování pomoci občanům Ukrajiny, kteří jsou na útěku před agresí Ruské federace",https://www.praha.eu/jnp/cz/o_meste/primator_a_volene_organy/zastupitelstvo/vysledky_hlasovani/index.html?size=&periodId=36525&resolutionNumber=&printNumber=&s=1&meeting=&start=&votingId=59029,59029
59031,2022-12-15,pass,44,Z-10827,"k oznámení záměru městské části Praha 14 zvýšit v roce 2022 limit stávajícího kontokorentního úvěru, předloženému Radě hl.m. Prahy podle ustanovení § 18 odst. 1 písm. b) obecně závazné vyhlášky č. 55/2000 Sb. hl.m. Prahy, kterou se vydává Statut hl.m. Prahy, ve znění pozdějších předpisů",https://www.praha.eu/jnp/cz/o_meste/primator_a_volene_organy/zastupitelstvo/vysledky_hlasovani/index.html?size=&periodId=36525&resolutionNumber=&printNumber=&s=1&meeting=&start=&votingId=59031,59031
59033,2022-12-15,pass,45,Z-10878,k návrhu na uzavření Dodatku č. 2 k Veřejnoprávní smlouvě č. INO/16/06/000378/2019 o poskytnutí návratné finanční výpomoci MČ Praha 14 a na úpravu rozpočtu vlastního hl. m. Prahy v roce 2022 v souvislosti s přijetím mimořádné splátky návratné finanční výpomoci od MČ Praha 14,https://www.praha.eu/jnp/cz/o_meste/primator_a_volene_organy/zastupitelstvo/vysledky_hlasovani/index.html?size=&periodId=36525&resolutionNumber=&printNumber=&s=1&meeting=&start=&votingId=59033,59033
59035,2022-12-15,pass,46,Z-10846,k návrhu na změnu charakteru části investiční dotace poskytnuté MČ Praha - Újezd v roce 2022,https://www.praha.eu/jnp/cz/o_meste/primator_a_volene_organy/zastupitelstvo/vysledky_hlasovani/index.html?size=&periodId=36525&resolutionNumber=&printNumber=&s=1&meeting=&start=&votingId=59035,59035
59037,2022-12-15,pass,47,Z-10881,k návrhu na změnu charakteru části účelové neinvestiční dotace poskytnuté městské části Praha 8 z rozpočtu hl. m. Prahy na rok 2022 a k úpravě rozpočtu vlastního hlavního města Prahy na rok 2022,https://www.praha.eu/jnp/cz/o_meste/primator_a_volene_organy/zastupitelstvo/vysledky_hlasovani/index.html?size=&periodId=36525&resolutionNumber=&printNumber=&s=1&meeting=&start=&votingId=59037,59037
59039,2022-12-15,pass,48,Z-10949,k návrhu na poskytnutí účelových dotací městským částem hl.m. Prahy obdržených jako výnos daně z hazardních her v období od 1.6.2022 do 30.11.2022,https://www.praha.eu/jnp/cz/o_meste/primator_a_volene_organy/zastupitelstvo/vysledky_hlasovani/index.html?size=&periodId=36525&resolutionNumber=&printNumber=&s=1&meeting=&start=&votingId=59039,59039
59041,2022-12-15,pass,,,,https://www.praha.eu/jnp/cz/o_meste/primator_a_volene_organy/zastupitelstvo/vysledky_hlasovani/index.html?size=&periodId=36525&resolutionNumber=&printNumber=&s=1&meeting=&start=&votingId=59041,59041
59043,2022-12-15,pass,49,Z-10830,k návrhu na uznání vlastnického práva k pozemkům parc.č. 811/14 a 811/17 v k.ú. Kolovraty ve prospěch duplicitně zapsaných vlastníků - fyzických osob,https://www.praha.eu/jnp/cz/o_meste/primator_a_volene_organy/zastupitelstvo/vysledky_hlasovani/index.html?size=&periodId=36525&resolutionNumber=&printNumber=&s=1&meeting=&start=&votingId=59043,59043
59045,2022-12-15,pass,50,Z-10832,k návrhu na uznání vlastnického práva k pozemku parc.č. 1888/4 v k.ú. Dubeč ve prospěch duplicitně zapsaných vlastníků - fyzických osob,https://www.praha.eu/jnp/cz/o_meste/primator_a_volene_organy/zastupitelstvo/vysledky_hlasovani/index.html?size=&periodId=36525&resolutionNumber=&printNumber=&s=1&meeting=&start=&votingId=59045,59045
59047,2022-12-15,pass,51,Z-10834,k návrhu na uznání vlastnického práva k pozemku parc.č. 1888/9 v k.ú. Dubeč ve prospěch duplicitně zapsaného vlastníka - fyzické osoby,https://www.praha.eu/jnp/cz/o_meste/primator_a_volene_organy/zastupitelstvo/vysledky_hlasovani/index.html?size=&periodId=36525&resolutionNumber=&printNumber=&s=1&meeting=&start=&votingId=59047,59047
59049,2022-12-15,pass,52,Z-10836,k návrhu na uznání vlastnického práva k id. 2/3 pozemku parc.č. 811/18 v k.ú. Kolovraty ve prospěch duplicitně zapsaného vlastníka - fyzické osoby,https://www.praha.eu/jnp/cz/o_meste/primator_a_volene_organy/zastupitelstvo/vysledky_hlasovani/index.html?size=&periodId=36525&resolutionNumber=&printNumber=&s=1&meeting=&start=&votingId=59049,59049
59051,2022-12-15,pass,53,Z-10835,k návrhu na uznání vlastnického práva k pozemku parc.č. 811/11 v k.ú. Kolovraty ve prospěch duplicitně zapsaných vlastníků - fyzických osob,https://www.praha.eu/jnp/cz/o_meste/primator_a_volene_organy/zastupitelstvo/vysledky_hlasovani/index.html?size=&periodId=36525&resolutionNumber=&printNumber=&s=1&meeting=&start=&votingId=59051,59051
59053,2022-12-15,pass,54,Z-10839,k návrhu na uznání vlastnického práva k pozemku parc.č. 811/9 v k.ú. Kolovraty ve prospěch duplicitně zapsaných vlastníků - fyzických osob,https://www.praha.eu/jnp/cz/o_meste/primator_a_volene_organy/zastupitelstvo/vysledky_hlasovani/index.html?size=&periodId=36525&resolutionNumber=&printNumber=&s=1&meeting=&start=&votingId=59053,59053
59055,2022-12-15,pass,55,Z-10852,k návrhu na uznání vlastnického práva k pozemku parc.č. 1525/1 v k.ú. Dubeč ve prospěch duplicitně zapsaných vlastníků - fyzických osob,https://www.praha.eu/jnp/cz/o_meste/primator_a_volene_organy/zastupitelstvo/vysledky_hlasovani/index.html?size=&periodId=36525&resolutionNumber=&printNumber=&s=1&meeting=&start=&votingId=59055,59055
59057,2022-12-15,pass,56,Z-10678,"k návrhu na uzavření darovací smlouvy na bezúplatné nabytí pozemků parc.č. 3725/4, 3725/13, 3725/17, 4254/10, 4344/6, 4344/7, 4536/22, 4538/50, 4538/58, 4544/5, 4549/2, 4550/7, 4550/8, 4550/10, 4550/13, 4550/14, 4550/15, 4551/10, 4551/15, 4553/2, 4553/3, 4233/3, 4501/14, 4501/17, 3725/22, 3725/23, 4229/12, 4274/2, 4276/11, 4542/4, 4553/5, 4553/7, 4553/10, 4553/11, 4559/1, 4559/2, vše v k.ú. Horní Počernice, obec Praha, s omezujícími podmínkami na dobu 10 let, z vlastnictví České republiky, příslušnost hospodařit s majetkem státu: Ředitelství silnic a dálnic ČR, IČO: 65993390, se sídlem Na Pankráci 546/56, Praha 4-Nusle, PSČ 140 00, do vlastnictví hlavního města Prahy",https://www.praha.eu/jnp/cz/o_meste/primator_a_volene_organy/zastupitelstvo/vysledky_hlasovani/index.html?size=&periodId=36525&resolutionNumber=&printNumber=&s=1&meeting=&start=&votingId=59057,59057
59059,2022-12-15,pass,57,Z-10700,"k návrhu na úplatný převod pozemku parc. č. 221/230 v k.ú. Černý Most z vlastnictví hl.m. Prahy do podílového spoluvlastnictví všech vlastníků bytů a podílových spoluvlastníků společných částí budovy č.p. 883, v k.ú. Černý Most, kteří jsou zapsáni na LV č. 91 vedeném Katastrálním úřadem pro hl.m. Prahu, Katastrálním pracovištěm Praha pro k.ú. Černý Most, obec Praha",https://www.praha.eu/jnp/cz/o_meste/primator_a_volene_organy/zastupitelstvo/vysledky_hlasovani/index.html?size=&periodId=36525&resolutionNumber=&printNumber=&s=1&meeting=&start=&votingId=59059,59059
59061,2022-12-15,pass,58,Z-10828,"k návrhu na úplatný převod 6-ti neevidovaných hal v KN stojících na pozemcích parc. č. 2371/3, 2371/5, 2480/5, 2480/3, 2370/20, 2481/7 a 2369/8 vše v k.ú. Kunratice ve vlastnictví žadatele",https://www.praha.eu/jnp/cz/o_meste/primator_a_volene_organy/zastupitelstvo/vysledky_hlasovani/index.html?size=&periodId=36525&resolutionNumber=&printNumber=&s=1&meeting=&start=&votingId=59061,59061
59063,2022-12-15,pass,59,Z-10831,k návrhu na úplatný převod pozemku parc. č. 2862/4 o výměře 47 m2 v k.ú. Michle,https://www.praha.eu/jnp/cz/o_meste/primator_a_volene_organy/zastupitelstvo/vysledky_hlasovani/index.html?size=&periodId=36525&resolutionNumber=&printNumber=&s=1&meeting=&start=&votingId=59063,59063
59065,2022-12-15,pass,60,Z-10833,"k návrhu obecně závazné vyhlášky, kterou se mění obecně závazná vyhláška č. 55/2000 Sb. hl.m. Prahy, kterou se vydává Statut hl.m. Prahy ve znění pozdějších předpisů",https://www.praha.eu/jnp/cz/o_meste/primator_a_volene_organy/zastupitelstvo/vysledky_hlasovani/index.html?size=&periodId=36525&resolutionNumber=&printNumber=&s=1&meeting=&start=&votingId=59065,59065
59067,2022-12-15,pass,61,Z-10885,"k návrhu obecně závazné vyhlášky, kterou se mění obecně závazná vyhláška č. 55/2000 Sb. hl.m. Prahy, kterou se vydává Statut hlavního města Prahy, ve znění pozdějších předpisů, odejmutí správy svěřené věci z vlastnictví hlavního města Prahy městské části Praha 20 (pozemek v k.ú. Horní Počernice) a k návrhu změny zřizovací listiny příspěvkové organizace hlavního města Prahy Mateřská škola a Základní škola, Praha 9, Bártlova 83",https://www.praha.eu/jnp/cz/o_meste/primator_a_volene_organy/zastupitelstvo/vysledky_hlasovani/index.html?size=&periodId=36525&resolutionNumber=&printNumber=&s=1&meeting=&start=&votingId=59067,59067
59069,2022-12-15,pass,62,Z-10924,k návrhu obecně závazné vyhlášky hlavního města Prahy o aktualizaci cenové mapy stavebních pozemků na území hl.m. Prahy pro rok 2023,https://www.praha.eu/jnp/cz/o_meste/primator_a_volene_organy/zastupitelstvo/vysledky_hlasovani/index.html?size=&periodId=36525&resolutionNumber=&printNumber=&s=1&meeting=&start=&votingId=59069,59069
59071,2022-12-15,pass,,,,https://www.praha.eu/jnp/cz/o_meste/primator_a_volene_organy/zastupitelstvo/vysledky_hlasovani/index.html?size=&periodId=36525&resolutionNumber=&printNumber=&s=1&meeting=&start=&votingId=59071,59071
59073,2022-12-15,pass,,,,https://www.praha.eu/jnp/cz/o_meste/primator_a_volene_organy/zastupitelstvo/vysledky_hlasovani/index.html?size=&periodId=36525&resolutionNumber=&printNumber=&s=1&meeting=&start=&votingId=59073,59073
59075,2022-12-15,pass,,,"ke návrhu na schválení dodavatele centralizované veřejné zakázky s názvem ""Dodávky elektrické energie pro orgány a organizace hl. m. Prahy na období od 1.1.2023 do 31.12.2023""",https://www.praha.eu/jnp/cz/o_meste/primator_a_volene_organy/zastupitelstvo/vysledky_hlasovani/index.html?size=&periodId=36525&resolutionNumber=&printNumber=&s=1&meeting=&start=&votingId=59075,59075
59077,2022-12-16,pass,,,"ke návrhu na schválení dodavatele centralizované veřejné zakázky s názvem ""Dodávky elektrické energie pro orgány a organizace hl. m. Prahy na období od 1.1.2023 do 31.12.2023""",https://www.praha.eu/jnp/cz/o_meste/primator_a_volene_organy/zastupitelstvo/vysledky_hlasovani/index.html?size=&periodId=36525&resolutionNumber=&printNumber=&s=1&meeting=&start=&votingId=59077,59077
59079,2022-12-16,fail,,,"ke návrhu na schválení dodavatele centralizované veřejné zakázky s názvem ""Dodávky elektrické energie pro orgány a organizace hl. m. Prahy na období od 1.1.2023 do 31.12.2023""",https://www.praha.eu/jnp/cz/o_meste/primator_a_volene_organy/zastupitelstvo/vysledky_hlasovani/index.html?size=&periodId=36525&resolutionNumber=&printNumber=&s=1&meeting=&start=&votingId=59079,59079
59081,2022-12-16,pass,63,Z-10749,k návrhu na zajištění a financování lékařské pohotovostní služby hlavním městem Prahou v roce 2023,https://www.praha.eu/jnp/cz/o_meste/primator_a_volene_organy/zastupitelstvo/vysledky_hlasovani/index.html?size=&periodId=36525&resolutionNumber=&printNumber=&s=1&meeting=&start=&votingId=59081,59081
59083,2022-12-16,pass,64,Z-10956,k návrhu na revokaci přílohy č. 1 usnesení Zastupitelstva HMP č.38/5 ze dne 16.6.2022 k návrhu na realizaci opatření pro pražské domácnosti ohrožené inflací,https://www.praha.eu/jnp/cz/o_meste/primator_a_volene_organy/zastupitelstvo/vysledky_hlasovani/index.html?size=&periodId=36525&resolutionNumber=&printNumber=&s=1&meeting=&start=&votingId=59083,59083
59085,2022-12-16,pass,65,Z-10921,"k návrhu na uzavření Dodatku č. 1 k Veřejnoprávní smlouvě č. DOT/81/03/001363/2022 s příjemcem dotace Loono, z. s.",https://www.praha.eu/jnp/cz/o_meste/primator_a_volene_organy/zastupitelstvo/vysledky_hlasovani/index.html?size=&periodId=36525&resolutionNumber=&printNumber=&s=1&meeting=&start=&votingId=59085,59085
59087,2022-12-16,pass,66,Z-10905,2. aktualizace Střednědobého plánu rozvoje sociálních služeb na území hlavního města Prahy na období 2022 - 2024 a vydání / aktualizace Pověření k poskytování služby obecného hospodářského zájmu,https://www.praha.eu/jnp/cz/o_meste/primator_a_volene_organy/zastupitelstvo/vysledky_hlasovani/index.html?size=&periodId=36525&resolutionNumber=&printNumber=&s=1&meeting=&start=&votingId=59087,59087
59089,2022-12-16,pass,67,Z-10877,k návrhu na změnu zřizovací listiny příspěvkové organizace hlavního města Prahy Domov pro seniory Ďáblice,https://www.praha.eu/jnp/cz/o_meste/primator_a_volene_organy/zastupitelstvo/vysledky_hlasovani/index.html?size=&periodId=36525&resolutionNumber=&printNumber=&s=1&meeting=&start=&votingId=59089,59089
59091,2022-12-16,pass,68,Z-10972,k návrhu na uzavření Dodatku č. 1 k Veřejnoprávní smlouvě o poskytnutí neinvestiční účelové individuální dotace DOT/53/01/001939/2022 ze dne 5.5.2022,https://www.praha.eu/jnp/cz/o_meste/primator_a_volene_organy/zastupitelstvo/vysledky_hlasovani/index.html?size=&periodId=36525&resolutionNumber=&printNumber=&s=1&meeting=&start=&votingId=59091,59091
59093,2022-12-16,pass,69,Z-10627,"k záměru odboru školství na realizaci veřejné zakázky ""Pojištění majetku a odpovědnosti za škodu a pojištění motorových vozidel pro příspěvkové organizace v působnosti odboru SML MHMP“",https://www.praha.eu/jnp/cz/o_meste/primator_a_volene_organy/zastupitelstvo/vysledky_hlasovani/index.html?size=&periodId=36525&resolutionNumber=&printNumber=&s=1&meeting=&start=&votingId=59093,59093
59095,2022-12-16,pass,,,,https://www.praha.eu/jnp/cz/o_meste/primator_a_volene_organy/zastupitelstvo/vysledky_hlasovani/index.html?size=&periodId=36525&resolutionNumber=&printNumber=&s=1&meeting=&start=&votingId=59095,59095
59097,2022-12-16,pass,70,Z-10954,k návrhu na poskytnutí návratné finanční výpomoci příspěvkové organizaci zřizované hlavním městem Prahou - Střední průmyslová škola zeměměřická a Geografické gymnázium Praha,https://www.praha.eu/jnp/cz/o_meste/primator_a_volene_organy/zastupitelstvo/vysledky_hlasovani/index.html?size=&periodId=36525&resolutionNumber=&printNumber=&s=1&meeting=&start=&votingId=59097,59097
59099,2022-12-16,pass,71,Z-10909,k návrhu na poskytnutí návratné finanční výpomoci příspěvkové organizaci zřizované hlavním městem Prahou - Obchodní akademie Hovorčovická,https://www.praha.eu/jnp/cz/o_meste/primator_a_volene_organy/zastupitelstvo/vysledky_hlasovani/index.html?size=&periodId=36525&resolutionNumber=&printNumber=&s=1&meeting=&start=&votingId=59099,59099
59101,2022-12-16,pass,72,Z-10890,"k návrhu na poskytnutí návratné finanční výpomoci příspěvkové organizaci zřizované hlavním městem Prahou - Gymnázium, Praha 8, U Libeňského zámku 1",https://www.praha.eu/jnp/cz/o_meste/primator_a_volene_organy/zastupitelstvo/vysledky_hlasovani/index.html?size=&periodId=36525&resolutionNumber=&printNumber=&s=1&meeting=&start=&votingId=59101,59101
59103,2022-12-16,pass,,,,https://www.praha.eu/jnp/cz/o_meste/primator_a_volene_organy/zastupitelstvo/vysledky_hlasovani/index.html?size=&periodId=36525&resolutionNumber=&printNumber=&s=1&meeting=&start=&votingId=59103,59103
59105,2022-12-16,pass,73,Z-10824,"k návrhu na změnu zřizovací listiny příspěvkové organizace Střední odborné učiliště gastronomie, se sídlem U Krbu 521/45, Praha 10",https://www.praha.eu/jnp/cz/o_meste/primator_a_volene_organy/zastupitelstvo/vysledky_hlasovani/index.html?size=&periodId=36525&resolutionNumber=&printNumber=&s=1&meeting=&start=&votingId=59105,59105
59107,2022-12-16,pass,74,Z-10719,"k návrhu na změnu zřizovací listiny Domu dětí a mládeže Modřany, příspěvkové organizace hl. m. Prahy, v působnosti odboru školství, mládeže a sportu MHMP",https://www.praha.eu/jnp/cz/o_meste/primator_a_volene_organy/zastupitelstvo/vysledky_hlasovani/index.html?size=&periodId=36525&resolutionNumber=&printNumber=&s=1&meeting=&start=&votingId=59107,59107
59109,2022-12-16,pass,75,Z-10823,"k návrhu na změnu zřizovací listiny příspěvkové organizace Střední škola a Mateřská škola Aloyse Klara, se sídlem Praha 4, Vídeňská 756/28",https://www.praha.eu/jnp/cz/o_meste/primator_a_volene_organy/zastupitelstvo/vysledky_hlasovani/index.html?size=&periodId=36525&resolutionNumber=&printNumber=&s=1&meeting=&start=&votingId=59109,59109
59111,2022-12-16,pass,76,Z-10843,"k návrhu na změnu zřizovací listiny příspěvkové organizace Střední odborná škola a Střední odborné učiliště Praha - Čakovice, se sídlem Ke Stadionu 623/9, Praha 9",https://www.praha.eu/jnp/cz/o_meste/primator_a_volene_organy/zastupitelstvo/vysledky_hlasovani/index.html?size=&periodId=36525&resolutionNumber=&printNumber=&s=1&meeting=&start=&votingId=59111,59111
59113,2022-12-16,pass,77,Z-10915,k návrhu na poskytnutí dotací v Programu podpory provozu kulturních zařízení v souvislosti se zvýšením cen energií pro rok 2022,https://www.praha.eu/jnp/cz/o_meste/primator_a_volene_organy/zastupitelstvo/vysledky_hlasovani/index.html?size=&periodId=36525&resolutionNumber=&printNumber=&s=1&meeting=&start=&votingId=59113,59113
59115,2022-12-16,pass,78,Z-10930,"k návrhu na změnu účelů finančních prostředků poskytnutých formou účelových individuálních neinvestičních dotací na projekt Organizace pro pomoc uprchlíkům, z.s. a na projekt Integračního centra Praha o.p.s. a k uzavření dodatků ke smlouvám o poskytnutí individuální účelové neinvestiční dotace se subjekty Organizace pro pomoc uprchlíkům, z.s., Integrační centrum Praha o.p.s. a Sdružení pro integraci a migraci, o.p.s.",https://www.praha.eu/jnp/cz/o_meste/primator_a_volene_organy/zastupitelstvo/vysledky_hlasovani/index.html?size=&periodId=36525&resolutionNumber=&printNumber=&s=1&meeting=&start=&votingId=59115,59115
59117,2022-12-16,pass,,,,https://www.praha.eu/jnp/cz/o_meste/primator_a_volene_organy/zastupitelstvo/vysledky_hlasovani/index.html?size=&periodId=36525&resolutionNumber=&printNumber=&s=1&meeting=&start=&votingId=59117,59117
59119,2022-12-16,pass,79,Z-10795,k návrhu na úpravu rozpočtu vlastního hl.m. Prahy v kap. 06 a poskytnutí účelové investiční dotace Městské části Praha 2 v roce 2022,https://www.praha.eu/jnp/cz/o_meste/primator_a_volene_organy/zastupitelstvo/vysledky_hlasovani/index.html?size=&periodId=36525&resolutionNumber=&printNumber=&s=1&meeting=&start=&votingId=59119,59119
59121,2022-12-16,pass,80,Z-10794,k návrhu na úpravu rozpočtu vlastního hl.m. Prahy v kap. 06 a poskytnutí účelové investiční dotace Městské části Praha 9 v roce 2022,https://www.praha.eu/jnp/cz/o_meste/primator_a_volene_organy/zastupitelstvo/vysledky_hlasovani/index.html?size=&periodId=36525&resolutionNumber=&printNumber=&s=1&meeting=&start=&votingId=59121,59121
59123,2022-12-16,pass,81,Z-10822,k návrhu na poskytnutí účelové neinvestiční dotace a k návrhu na úpravu rozpočtu vlastního hl. m. Prahy na rok 2022,https://www.praha.eu/jnp/cz/o_meste/primator_a_volene_organy/zastupitelstvo/vysledky_hlasovani/index.html?size=&periodId=36525&resolutionNumber=&printNumber=&s=1&meeting=&start=&votingId=59123,59123
59125,2022-12-16,pass,82,Z-10935,"k návrhu na uzavření dodatku č. 1 k Veřejnoprávní smlouvě o poskytnutí účelové neinvestiční dotace s městskou částí Praha 14 DOT/11/04/029146/2021 v rámci projektu ""MHMP - sociální bydlení"", financovaného z Operačního programu Zaměstnanost",https://www.praha.eu/jnp/cz/o_meste/primator_a_volene_organy/zastupitelstvo/vysledky_hlasovani/index.html?size=&periodId=36525&resolutionNumber=&printNumber=&s=1&meeting=&start=&votingId=59125,59125
